Matthew Brown,mjbrown,Janitor,Staff,mjbrown,matthew@brighamwomens.com
Vivek Jagadeesh,vjagadeesh,Doctor,Staff,vjagadeesh,vivek@brighamwomens.com
Daniel Gorbunov,dgorbunov,Nurse,Staff,dgorbunov,daniel@brighamwomens.com
Francesco Di Mise,fmise,Security,Staff,fmise,francesco@brighamwomens.com
Mohamed Adem Djadid,mdjadid,Doctor,Staff,mdjadid,adem@brighamwomens.com
Taeha Song,tsong,Security,Staff,tsong,taeha@brighamwomens.com
Colin Masucci,cmasucci,Security,Staff,cmasucci,colin@brighamwomens.com
Sulaiman Moukheiber,smoukheiber ,Doctor,Staff,smoukheiber ,sulaiman@brighamwomens.com
Andy Truong,atruong,Nurse,Staff,atruong,andy@brighamwomens.com
Griffin Brown,gbrown,Janitor,Staff,gbrown,griffin@brighamwomens.com
admin,admin,Admin,Admin,admin,admin@brighamwomens.com
